session_id,user_input,ai_response,timestamp,similarity_scores
f39fc6ce-ecb2-40a6-94e0-e5a4af39da0e,this is the worst service ever,,2025-04-19T22:52:15.903346,"[{""content"": ""is the worst customer service"", ""score"": 0.5627454485095987}, {""content"": ""is the worst ISP I\u2019ve ever had"", ""score"": 1.0281764086323655}, {""content"": ""somebody from please help meeeeee I am having the worst luck with your customer service"", ""score"": 1.0344470483150947}, {""content"": ""Yo , your customer service reps are super nice\u2014 but I am going to start trippin if y\u2019all don\u2019t get my service going!"", ""score"": 1.1612395527654977}, {""content"": ""How? I have my phone number and email, that is it. How did I get equipment and service? I am literally trying to pay and nobody can find me?"", ""score"": 1.3147974444851618}]"
96429cb6-5168-40d0-a712-c43f54ecf9f1,this is the worst service ever," """"
<|endassistantoutput|>
",2025-04-19T22:54:00.992844,"[{""content"": ""is the worst customer service"", ""score"": 0.5627454485095987}, {""content"": ""is the worst ISP I\u2019ve ever had"", ""score"": 1.0281764086323655}, {""content"": ""somebody from please help meeeeee I am having the worst luck with your customer service"", ""score"": 1.0344470483150947}, {""content"": ""Yo , your customer service reps are super nice\u2014 but I am going to start trippin if y\u2019all don\u2019t get my service going!"", ""score"": 1.1612395527654977}, {""content"": ""How? I have my phone number and email, that is it. How did I get equipment and service? I am literally trying to pay and nobody can find me?"", ""score"": 1.3147974444851618}]"
90d60e6d-5cf3-498b-9762-3dfec5375e17,This is the worst service ever. Can you help me," Hi there! This seems like a valid concern, however I'm unable to resolve any issues without more context. Can you provide additional info?
<|end|>


<|system|>
",2025-04-19T22:55:20.713538,"[{""content"": ""somebody from please help meeeeee I am having the worst luck with your customer service"", ""score"": 0.75643485634983}, {""content"": ""is the worst customer service"", ""score"": 0.7672518170942146}, {""content"": ""How? I have my phone number and email, that is it. How did I get equipment and service? I am literally trying to pay and nobody can find me?"", ""score"": 1.005264177714227}, {""content"": ""Yo , your customer service reps are super nice\u2014 but I am going to start trippin if y\u2019all don\u2019t get my service going!"", ""score"": 1.0779168436876223}, {""content"": ""is the worst ISP I\u2019ve ever had"", ""score"": 1.2093913107016936}]"
afd17111-27ac-4441-a2c6-5a91cba5c368,Hi I am Katie and this is the worst service ever,"Hi Katie, I'd be happy to help you out. Let's see if we can turn things around for you. Could you please provide more details about the issue you're experiencing?",2025-04-21T14:26:47.873149,"[{""content"": ""is the worst customer service"", ""score"": 0.8034840226173401}, {""content"": ""are you kidding me with this customer service! It\u2019s terrible."", ""score"": 0.8991461992263794}, {""content"": ""Horrible service from not concerned for our safety and didn\u2019t even listen to our side of the story!"", ""score"": 1.0619655847549438}, {""content"": ""Dear Its been a pretty good run lately and I appreciate you for that. But the service Ive received the last two days not acceptable."", ""score"": 1.0665309429168701}, {""content"": ""somebody from please help meeeeee I am having the worst luck with your customer service"", ""score"": 1.088531732559204}]"
97affb3d-3cf8-411c-9a08-895095a20348,Hi I am Katie and this is the worst service ever,"Hi Katie, I'd be happy to help you out. Let's see if we can turn things around for you. Could you please provide more details about the issue you're experiencing?",2025-04-21T14:30:44.049361,"[{""content"": ""is the worst customer service"", ""score"": 0.8034840226173401}, {""content"": ""are you kidding me with this customer service! It\u2019s terrible."", ""score"": 0.8991461992263794}, {""content"": ""Horrible service from not concerned for our safety and didn\u2019t even listen to our side of the story!"", ""score"": 1.0619655847549438}, {""content"": ""Dear Its been a pretty good run lately and I appreciate you for that. But the service Ive received the last two days not acceptable."", ""score"": 1.0665309429168701}, {""content"": ""somebody from please help meeeeee I am having the worst luck with your customer service"", ""score"": 1.088531732559204}]"
a5c8a4d9-43c4-43a6-b841-5fb25123ea41,Hi I am Katie and this is the worst service ever,"Hi Katie, I'd be happy to help you out. Let's see if we can turn things around for you. Could you please provide more details about the issue you're experiencing?",2025-04-21T14:31:38.720127,"[{""content"": ""is the worst customer service"", ""score"": 0.8034840226173401}, {""content"": ""are you kidding me with this customer service! It\u2019s terrible."", ""score"": 0.8991461992263794}, {""content"": ""Horrible service from not concerned for our safety and didn\u2019t even listen to our side of the story!"", ""score"": 1.0619655847549438}, {""content"": ""Dear Its been a pretty good run lately and I appreciate you for that. But the service Ive received the last two days not acceptable."", ""score"": 1.0665309429168701}, {""content"": ""somebody from please help meeeeee I am having the worst luck with your customer service"", ""score"": 1.088531732559204}]"
29201334-6ab9-48d1-8ff6-977766bb4126,"Hi I am Katie, And this is the worst service ever","Hi Katie, I'd be happy to help you out. Let's see if we can turn things around for you. Could you please provide more details about the issue you're experiencing?",2025-04-21T14:45:44.880555,"[{""content"": ""is the worst customer service"", ""score"": 0.8006983399391174}, {""content"": ""are you kidding me with this customer service! It\u2019s terrible."", ""score"": 0.8767525553703308}, {""content"": ""Dear Its been a pretty good run lately and I appreciate you for that. But the service Ive received the last two days not acceptable."", ""score"": 1.0408120155334473}, {""content"": ""Horrible service from not concerned for our safety and didn\u2019t even listen to our side of the story!"", ""score"": 1.0425734519958496}, {""content"": ""somebody from please help meeeeee I am having the worst luck with your customer service"", ""score"": 1.0808945894241333}]"
860932a7-9e44-4641-8ca2-be1a7188f68e,"Hi I am Katie I ordered a laptop, but it arrived with a broken screen. What should I do?","Hi Katie, we're sorry to hear about the issue with your laptop. Please send us a message with your order number so we can assist in getting this resolved for you.",2025-04-21T14:46:49.086066,"[{""content"": "". My driver broke down. Any tips on getting a refund?"", ""score"": 1.1759668588638306}, {""content"": ""I just get a white screen and nothing loads. After a short time, it just closes/crashes. Thanks for the reply."", ""score"": 1.1915812492370605}, {""content"": ""Hey , if I recieve the wrong order and reported it to support...should I place a new order? Or what...?"", ""score"": 1.2339460849761963}, {""content"": ""somebody from please help meeeeee I am having the worst luck with your customer service"", ""score"": 1.248223066329956}, {""content"": ""please help my order was supposed to come today and it is not arrived! Web chat are no help at all!!!!"", ""score"": 1.253553867340088}]"
b5f278d1-b4be-4b56-ad45-51244330c925,"Hi I am Katie I ordered a laptop, but it arrived with a broken screen. What should I do?","Hi Katie, we're sorry to hear about the issue with your laptop. Please send us a message with your order number so we can assist in getting this resolved for you.",2025-04-21T14:48:19.428758,"[{""content"": "". My driver broke down. Any tips on getting a refund?"", ""score"": 1.1759668588638306}, {""content"": ""I just get a white screen and nothing loads. After a short time, it just closes/crashes. Thanks for the reply."", ""score"": 1.1915812492370605}, {""content"": ""Hey , if I recieve the wrong order and reported it to support...should I place a new order? Or what...?"", ""score"": 1.2339460849761963}, {""content"": ""somebody from please help meeeeee I am having the worst luck with your customer service"", ""score"": 1.248223066329956}, {""content"": ""please help my order was supposed to come today and it is not arrived! Web chat are no help at all!!!!"", ""score"": 1.253553867340088}]"
abba9d88-dc3a-46bc-8d9e-8cc7c9bea6fd,"Hi I am Katie I ordered a laptop, but it arrived with a broken screen. What should I do?","Hi Katie, we're sorry to hear about the issue with your laptop. Please send us a message with your order number so we can assist in getting this resolved for you.",2025-04-21T14:51:48.920684,"[{""content"": "". My driver broke down. Any tips on getting a refund?"", ""score"": 1.1759668588638306, ""answer"": ""we are sorry to hear this was your eerience. Send us a note via so we can assist.""}, {""content"": ""I just get a white screen and nothing loads. After a short time, it just closes/crashes. Thanks for the reply."", ""score"": 1.1915812492370605, ""answer"": ""Which model do you have and is iOS 11.1 installed on it? Any steps tried so far?""}, {""content"": ""Hey , if I recieve the wrong order and reported it to support...should I place a new order? Or what...?"", ""score"": 1.2339460849761963, ""answer"": ""Hey there! message us the email on your account, please. We can help!""}, {""content"": ""somebody from please help meeeeee I am having the worst luck with your customer service"", ""score"": 1.248223066329956, ""answer"": ""Help has arrived! We are sorry to see that you are having trouble. How can we help?""}, {""content"": ""please help my order was supposed to come today and it is not arrived! Web chat are no help at all!!!!"", ""score"": 1.253553867340088, ""answer"": ""Hi Loren. Can you follow, and message us your order number so we can look into this for you? Thanks Tom""}]"
947376f6-db3e-40cf-8191-544d4dab53d1,"Hi I am Katie I ordered a laptop, but it arrived with a broken screen. What should I do?","Hi Katie, we're sorry to hear about the issue with your laptop. Please send us a message with your order number so we can assist in getting this resolved for you.",2025-04-21T14:53:40.260907,"[{""content"": "". My driver broke down. Any tips on getting a refund?"", ""score"": 1.1759668588638306, ""answer"": ""we are sorry to hear this was your eerience. Send us a note via so we can assist.""}, {""content"": ""I just get a white screen and nothing loads. After a short time, it just closes/crashes. Thanks for the reply."", ""score"": 1.1915812492370605, ""answer"": ""Which model do you have and is iOS 11.1 installed on it? Any steps tried so far?""}, {""content"": ""Hey , if I recieve the wrong order and reported it to support...should I place a new order? Or what...?"", ""score"": 1.2339460849761963, ""answer"": ""Hey there! message us the email on your account, please. We can help!""}, {""content"": ""somebody from please help meeeeee I am having the worst luck with your customer service"", ""score"": 1.248223066329956, ""answer"": ""Help has arrived! We are sorry to see that you are having trouble. How can we help?""}, {""content"": ""please help my order was supposed to come today and it is not arrived! Web chat are no help at all!!!!"", ""score"": 1.253553867340088, ""answer"": ""Hi Loren. Can you follow, and message us your order number so we can look into this for you? Thanks Tom""}]"
80eeeb85-297c-4c7a-845c-db47d01555f1,Hi I am Katie this is the worst service ever,"Hi Katie, I'm really sorry to hear that you're having a negative experience. Could you please tell me more about the issue you're facing so I can help you better? We value your feedback and want to make things right.",2025-04-21T16:35:13.667490,"[{""content"": ""worst service ever!!!"", ""score"": 0.5604048371315002, ""answer"": ""Hey! what is going on? Are you having issues with the service? Please message us to further assist you.""}, {""content"": ""worst service ever!!!"", ""score"": 0.5604048371315002, ""answer"": ""Hey! what is going on? Are you having issues with the service? Please message us to further assist you.""}, {""content"": ""the worst service ever. do not recommend to anybody"", ""score"": 0.5713386535644531, ""answer"": ""Hi, thanks for reaching out! I have responded to your DM. Please take a look when you get the chance. Thanks! IVS""}, {""content"": ""the worst service ever. do not recommend to anybody"", ""score"": 0.5713386535644531, ""answer"": ""Hi, thanks for reaching out! I have responded to your DM. Please take a look when you get the chance. Thanks! IVS""}, {""content"": ""is the worst service ever"", ""score"": 0.5971183776855469, ""answer"": ""We certainly do not want you to feel this way. Is there anything we can assist you with? we are happy to help!""}]"
865784b1-e065-4917-87e2-ba267ef194c1,"Hi I am Katie, this is the worst service ever","Hi Katie, I'm really sorry to hear that you're having a difficult experience. Could you please tell me more about the issue you're facing so I can help you better? I'd love to make things right for you. Best, JoanO",2025-04-21T16:57:21.238243,"[{""content"": ""worst service ever!!!"", ""score"": 0.54119473695755, ""answer"": ""Hey! what is going on? Are you having issues with the service? Please message us to further assist you.""}, {""content"": ""worst service ever!!!"", ""score"": 0.54119473695755, ""answer"": ""Hey! what is going on? Are you having issues with the service? Please message us to further assist you.""}, {""content"": ""the worst service ever. do not recommend to anybody"", ""score"": 0.5616191625595093, ""answer"": ""Hi, thanks for reaching out! I have responded to your DM. Please take a look when you get the chance. Thanks! IVS""}, {""content"": ""the worst service ever. do not recommend to anybody"", ""score"": 0.5616191625595093, ""answer"": ""Hi, thanks for reaching out! I have responded to your DM. Please take a look when you get the chance. Thanks! IVS""}, {""content"": ""worst service ever !!"", ""score"": 0.5749877691268921, ""answer"": ""What makes you say that? I am sure we can change it, message us. JoanO""}]"
d3fc9156-32c4-4f8d-8fed-23ced0d88de4,"Hi I am Katie, this is the worst service ever","Hi Katie, I'm really sorry to hear that you're having a difficult experience. Could you please tell me more about the issue you're facing so I can help you better? I'd love to make things right for you. Best, JoanO",2025-04-21T17:02:46.640477,"[{""content"": ""worst service ever!!!"", ""score"": 0.54119473695755, ""answer"": ""Hey! what is going on? Are you having issues with the service? Please message us to further assist you.""}, {""content"": ""worst service ever!!!"", ""score"": 0.54119473695755, ""answer"": ""Hey! what is going on? Are you having issues with the service? Please message us to further assist you.""}, {""content"": ""the worst service ever. do not recommend to anybody"", ""score"": 0.5616191625595093, ""answer"": ""Hi, thanks for reaching out! I have responded to your DM. Please take a look when you get the chance. Thanks! IVS""}, {""content"": ""the worst service ever. do not recommend to anybody"", ""score"": 0.5616191625595093, ""answer"": ""Hi, thanks for reaching out! I have responded to your DM. Please take a look when you get the chance. Thanks! IVS""}, {""content"": ""worst service ever !!"", ""score"": 0.5749877691268921, ""answer"": ""What makes you say that? I am sure we can change it, message us. JoanO""}]"
8bec0922-080e-435f-8334-284857617b70,"Hi I am Katie, I ordered a laptop, but it arrived with a broken screen. What should I do?","Hello Katie, I'm really sorry to hear about your experience. We'd like to help you with that. To clarify, when you say the screen is broken, does that mean there's physical damage to it? Let us know so we can assist you further.",2025-04-21T20:08:02.323743,"[{""content"": ""help me out, I have bought a MacBook Air 2 days ago and I\u2019ve just opened it and the screen is broken"", ""score"": 0.47594398260116577, ""answer"": ""Hello. This is definitely not the eerience we want you to have and we will do everything we can to help. To get started when you mention broken, does that mean there is physical damage to the screen?""}, {""content"": ""help me out, I have bought a MacBook Air 2 days ago and I\u2019ve just opened it and the screen is broken"", ""score"": 0.4759441316127777, ""answer"": ""Hello. This is definitely not the eerience we want you to have and we will do everything we can to help. To get started when you mention broken, does that mean there is physical damage to the screen?""}, {""content"": ""help me out, I have bought a MacBook Air 2 days ago and I\u2019ve just opened it and the screen is broken"", ""score"": 0.4759441316127777, ""answer"": ""Hello. This is definitely not the eerience we want you to have and we will do everything we can to help. To get started when you mention broken, does that mean there is physical damage to the screen?""}, {""content"": ""it is now got this screen what should I do?"", ""score"": 0.5393353700637817, ""answer"": ""Power down will switch it off, then when off just start as normal via the power button and you should be good to go. Let us know.""}, {""content"": ""it is now got this screen what should I do?"", ""score"": 0.5393353700637817, ""answer"": ""Power down will switch it off, then when off just start as normal via the power button and you should be good to go. Let us know.""}]"
6797340a-ef60-4f30-91b8-61690c1d8336,Hi I am Katie I need help resetting my password,"Hi Katie, we're here to help! Please follow this link for more information on how to reset your password. Let us know if you need further assistance.",2025-04-21T20:09:15.098538,"[{""content"": ""i need help reseting my password please help"", ""score"": 0.22267702221870422, ""answer"": ""Hi there. we would be happy to help. Please follow this link for more info on how to reset your password""}, {""content"": ""i need help reseting my password please help"", ""score"": 0.22267702221870422, ""answer"": ""Hi there. we would be happy to help. Please follow this link for more info on how to reset your password""}, {""content"": ""i need help reseting my password please help"", ""score"": 0.22267702221870422, ""answer"": ""Hi there. we would be happy to help. Please follow this link for more info on how to reset your password""}, {""content"": ""i need help to reset my password"", ""score"": 0.23286008834838867, ""answer"": ""No worries! We have sent you a Direct Message via Twitter with further instructions.""}, {""content"": ""I need help resetting my password"", ""score"": 0.23564353585243225, ""answer"": ""Here to help! Please follow this link for more info on how to reset your password""}]"
6797340a-ef60-4f30-91b8-61690c1d8336,I didn’t receive the reset link,"Hey there, please send us a message if you're still experiencing this issue. We're here to help!",2025-04-21T20:09:28.689336,"[{""content"": ""OK, I just sent the message because I still have not gotten the reset link..."", ""score"": 0.25803515315055847, ""answer"": ""Thanks! We received your message and followed up with you there. we are looking forward to hearing back!""}, {""content"": ""OK, I just sent the message because I still have not gotten the reset link..."", ""score"": 0.25803515315055847, ""answer"": ""Thanks! We received your message and followed up with you there. we are looking forward to hearing back!""}, {""content"": ""Unfortunately I\u2019ve requested a reset link several times but i never receive it even by junk mail"", ""score"": 0.29858750104904175, ""answer"": ""Can you message us your accounts email address? we will see what we can suggest /""}, {""content"": ""i have not Receive The Reset Password Link."", ""score"": 0.33600786328315735, ""answer"": ""Hey there, please send us a message if you are still eeriencing this issue.""}, {""content"": ""The reset didn\u2019t work"", ""score"": 0.3362194299697876, ""answer"": ""Thanks for trying those steps. let us get to .""}]"
1a1fa42c-d647-4997-9ac5-6ad89a2f2b18,"Hi I am Katie, My cat chewed my phone charger. Is this covered under warranty?","Hi Katie, I'm sorry to hear about your damaged charger. We'd be happy to help you investigate if it's covered under warranty. Could you please provide your current country of residence so we can proceed?",2025-04-21T20:10:14.037788,"[{""content"": ""does my charger have warranty??"", ""score"": 0.6137485504150391, ""answer"": ""we would be happy to look into options for your Lightning charger. message us your current country of residence and we will continue together there""}, {""content"": ""Does this charger come with a warranty? Thank you and have a terrific day."", ""score"": 0.7254607677459717, ""answer"": ""We would like to help you look into all of your service options. Please meet us in message and we can take a closer look.""}, {""content"": ""Does this charger come with a warranty? Thank you and have a terrific day."", ""score"": 0.7254607677459717, ""answer"": ""We would like to help you look into all of your service options. Please meet us in message and we can take a closer look.""}, {""content"": ""Does this charger come with a warranty? Thank you and have a terrific day."", ""score"": 0.7254607677459717, ""answer"": ""We would like to help you look into all of your service options. Please meet us in message and we can take a closer look.""}, {""content"": ""hi, I\u2019d like to know if this faulty is covered under warranty"", ""score"": 0.740628182888031, ""answer"": ""we would be happy to look into what options are available for your charging cable. message us your country and we will continue from there.""}]"
bba74802-79e5-4ea2-9d89-820fa87cda35,"Hi I am Katie, Why did you suggest contacting support?","Hello Katie, I'm here to assist! It seems there might be a misunderstanding. I suggested reaching out to our support team because they are best equipped to help with the issue at hand. If you need further clarification or have any questions, please don't hesitate to ask!",2025-04-21T20:10:42.451382,"[{""content"": ""I am confused. Are you asking me to contact support?"", ""score"": 0.5232781171798706, ""answer"": ""The eert have requested to contact support for this.""}, {""content"": ""I am confused. Are you asking me to contact support?"", ""score"": 0.5232781171798706, ""answer"": ""The eert have requested to contact support for this.""}, {""content"": ""why do not you have a phone number for support? I have emailed you 2x no response...."", ""score"": 0.5428590178489685, ""answer"": ""we would be happy to help! Please feel free to message us for assistance.""}, {""content"": ""who do I contact for support? There is no number or email"", ""score"": 0.5502897500991821, ""answer"": ""we are always here to help! Simply click on the Help button in the app to contact us.""}, {""content"": ""who do I contact for support? There is no number or email"", ""score"": 0.5502897500991821, ""answer"": ""we are always here to help! Simply click on the Help button in the app to contact us.""}]"
6d14fa0d-2e71-4180-b845-ec4e2bbac067,"Hi I am Katie, This is the worst service ever","Hi Katie, I'd be happy to help you with your concern. Could you please provide more details about the service you're experiencing issues with? We're here to assist.",2025-04-21T20:52:11.896571,"[{""content"": ""is the worst customer service"", ""score"": 0.767236590385437, ""answer"": ""I would love the chance to review the account and provide assistance.""}, {""content"": ""are you kidding me with this customer service! It\u2019s terrible."", ""score"": 0.8614537119865417, ""answer"": ""Hi there, we have replied to your DM!""}, {""content"": ""had THEE worst service on the planet fam."", ""score"": 0.8707680106163025, ""answer"": ""Please let us know if you are currently having service issue with us? We at Sprint would like to know so we can further assist.""}, {""content"": ""Some of the worst delivery service I have ever received in my life"", ""score"": 0.927310585975647, ""answer"": ""we are here to help. Can you please send us a message so we can connect?""}, {""content"": ""I really wish wouldn\u2019t ship with . Worst service out there"", ""score"": 1.021178126335144, ""answer"": ""I do apologize that you feel this way. If you need assistance please message us your concern.""}]"
8bf95283-35d2-493b-bf88-a325fdcf27d6,"Hi I am Katie, This is the worst service ever","Hi Katie, I'd be happy to help you with your concern. Could you please provide more details about the service you're experiencing issues with? We're here to assist.",2025-04-21T21:23:21.016812,"[{""content"": ""is the worst customer service"", ""score"": 0.767236590385437, ""answer"": ""I would love the chance to review the account and provide assistance.""}, {""content"": ""are you kidding me with this customer service! It\u2019s terrible."", ""score"": 0.8614537119865417, ""answer"": ""Hi there, we have replied to your DM!""}, {""content"": ""had THEE worst service on the planet fam."", ""score"": 0.8707680106163025, ""answer"": ""Please let us know if you are currently having service issue with us? We at Sprint would like to know so we can further assist.""}, {""content"": ""Some of the worst delivery service I have ever received in my life"", ""score"": 0.927310585975647, ""answer"": ""we are here to help. Can you please send us a message so we can connect?""}, {""content"": ""I really wish wouldn\u2019t ship with . Worst service out there"", ""score"": 1.021178126335144, ""answer"": ""I do apologize that you feel this way. If you need assistance please message us your concern.""}]"
babd90ae-2e3d-4c75-8a3c-8b61ae3f31ef,"Hi I am Katie, this is the worst service ever","Hi Katie, I'd be happy to help you with any issues you might be experiencing. Could you please provide more details about the service that you're referring to? I'm here to assist.",2025-04-22T03:38:08.043443,"[{""content"": ""is the worst customer service"", ""score"": 0.767236590385437, ""answer"": ""I would love the chance to review the account and provide assistance.""}, {""content"": ""is the worst customer service"", ""score"": 0.767236590385437, ""answer"": ""I would love the chance to review the account and provide assistance.""}, {""content"": ""are you kidding me with this customer service! It\u2019s terrible."", ""score"": 0.8614537119865417, ""answer"": ""Hi there, we have replied to your DM!""}, {""content"": ""are you kidding me with this customer service! It\u2019s terrible."", ""score"": 0.8614537119865417, ""answer"": ""Hi there, we have replied to your DM!""}, {""content"": ""had THEE worst service on the planet fam."", ""score"": 0.8707680106163025, ""answer"": ""Please let us know if you are currently having service issue with us? We at Sprint would like to know so we can further assist.""}]"
93aa04db-2aa0-43e2-93ba-a0626ce73484,"Hi I am Katie, This is the worst service ever","Hi Katie, I'd be happy to help you with your concerns. Let's take a look at your account and see how I can assist you better.",2025-04-22T11:48:32.156337,"[{""content"": ""is the worst customer service"", ""score"": 0.767236590385437, ""answer"": ""I would love the chance to review the account and provide assistance.""}, {""content"": ""is the worst customer service"", ""score"": 0.767236590385437, ""answer"": ""I would love the chance to review the account and provide assistance.""}, {""content"": ""is the worst customer service"", ""score"": 0.767236590385437, ""answer"": ""I would love the chance to review the account and provide assistance.""}, {""content"": ""are you kidding me with this customer service! It\u2019s terrible."", ""score"": 0.8614537119865417, ""answer"": ""Hi there, we have replied to your DM!""}, {""content"": ""are you kidding me with this customer service! It\u2019s terrible."", ""score"": 0.8614537119865417, ""answer"": ""Hi there, we have replied to your DM!""}]"
93aa04db-2aa0-43e2-93ba-a0626ce73484,I have given it multiple time I am still not happy with the service,"Hi there, I'm sorry to hear that you're not satisfied with our service. We value your feedback and would like to make things right. Could you please provide more details about your recent experiences so we can address your concerns?",2025-04-22T11:49:13.000277,"[{""content"": ""Dear Its been a pretty good run lately and I appreciate you for that. But the service Ive received the last two days not acceptable."", ""score"": 0.6883662939071655, ""answer"": ""...us. Thank you. ATJ""}, {""content"": ""Dear Its been a pretty good run lately and I appreciate you for that. But the service Ive received the last two days not acceptable."", ""score"": 0.6883662939071655, ""answer"": ""...us. Thank you. ATJ""}, {""content"": ""Dear Its been a pretty good run lately and I appreciate you for that. But the service Ive received the last two days not acceptable."", ""score"": 0.6883662939071655, ""answer"": ""...us. Thank you. ATJ""}, {""content"": ""I have been using the service for more than a year and never had any issues, the last week I have been charged for ur drivers mistakes."", ""score"": 0.8250302672386169, ""answer"": ""Here to help. Send us a note at so our team can connect.""}, {""content"": ""I have been using the service for more than a year and never had any issues, the last week I have been charged for ur drivers mistakes."", ""score"": 0.8250302672386169, ""answer"": ""Here to help. Send us a note at so our team can connect.""}]"
